use s13883;
SET DATEFORMAT dmy;

INSERT INTO Nationality (Nationality) VALUES 	('Austria'), 
												('Czech Republic'),
												('Poland'),
												('Italy'),
												('Germany'),
												('Netherlands'),
												('Spain'),
												('Luxembourg'),
												('Hungary'),
												('Sweden');

INSERT INTO Race (R_Name) VALUES   ('Night Elf'),
										('Orc'),
										('Dwarf'),
										('Human'),
										('Troll'),
										('Undead'),
										('Draenei'),
										('Worgen'),
										('Blood Elf'),
										('Goblin');

INSERT INTO Team (Team_Name) VALUES ('rutrum non,'),
											('elit, pellentesque'),
											('interdum libero'),
											('enim. Curabitur'),
											('lorem, eget'),
											('vel turpis.'),
											('interdum. Sed'),
											('est. Mauris'),
											('bibendum. Donec'),
											('elit fermentum');		

INSERT INTO Spell_Kind (Id_SK,Full_Name,Short_Name) VALUES (1,'Healing Over Time','HOT'),
															(2,'Damage Over Time','DOT'),
															(3,'Debuff Damage','DD'),
															(4,'Debuff Stats','DS'),
															(5,'Buff Damage','BD'),
															(6,'Buff Stats','BS'),
															(7,'Area of Effect','EoF'),
															(8,'Single Target Damage','STD'),
															(9,'Cast Spell','CS'),
															(10,'Instant Spell','IS');	



INSERT INTO SM_SK (Id_SK1,Id_SK2, Id_SK3) VALUES(7,1,10),
												(1,2,9),
												(3,3,8),
												(6,4,7),
												(2,5,6),
												(1,6,5),
												(2,7,4),
												(9,8,3),
												(10,9,2),
												(3,10,1);	

INSERT INTO Class (Class_Name) VALUES ('Death Knight'),
												('Warrior'),
												('Priest'),
												('Mage'),
												('Rogue'),
												('Warlock'),
												('Paladin'),
												('Shaman'),
												('Demon Hunter'),
												('Hunter');

INSERT INTO Event_Type (ET_Name,Description) VALUES ('Fort Dodge','ipsum. Suspendisse Nullam vitae'),
														('Death Match','pretium aliquet convallis erat'),
														('Ranked Match','mauris. Suspendisse'),
														('Versus SI','ullamcorper magn Nam consequat'),
														('Own Match','quam a felis ullamcorper viverra.'),
														('Defeat Boss','ipsum primis in faucibus orci'),
														('Defense of the Fort','ligula eu enim. Etiam imperdiet dictum'),
														('Take over the Fort','Sed neque. Sed egetec urna'),
														('Escort','luctus et ultrices posuere cubilia'),
														('1v1','imperdiet dictum magna. incidunt orci');

INSERT INTO Event (Id_ET,Event_Name, Stop_Date,Start_Date) VALUES (10,'Darkmoon Faire','27/12/17','03/08/17'),
																(9,'Pirates Day','17/06/17','07/06/17'),
																(5,'Love is in the Air','20/02/17','13/02/17'),
																(2,'Noblegarden','25/04/17','10/03/17'),
																(7,'Hallows End','02/11/17','29/09/17'),
																(8,'Brewfest','06/10/17','20/09/17'),
																(3,'Call to Arms','22/11/17','29/07/17'),
																(4,'Midsummer Fire Festival','10/09/17','01/06/17'),
																(6,'Day of the Dead','03/11/17','01/11/17'),
																(1,'Pilgrims Bounty','27/11/17','21/11/17');

INSERT INTO Game_Mode (GM_Name,Description) VALUES ('Bonus Boost','Cras pellentesque. Sed'),
													('Normal Death Match','Nunc ullamcorper, velit'),
													('Low Level','ac metus vitae velit'),
													('Ranked','Cras sed'),
													('Primal Mode','Cras eget'),
													('3 Teams vs. 3 Teams','fermentum vel, mauris.'),
													('Battleground','In lorem. Donec'),
													('Arena','Duis mi'),
													('Tutorial','nulla. In tincidunt congue'),
													('Air Mode','ligula. Aenean gravida nunc');	

INSERT INTO Specialization (Spec_Name) VALUES ('Tank'),
												('DPS'),
												('Healer');

INSERT INTO Spec_SM (Id_SM_SK,Id_Spec) VALUES (8,1),
														(3,1),
														(2,2),
														(5,3),
														(10,2),
														(8,2),
														(9,1),
														(7,2),
														(1,3),
														(4,3);


INSERT INTO Class_Spec_Rac (Id_Class,Id_SpecSM,Id_Race) VALUES (8,3,4),
																(7,6,10),
																(1,5,1),
																(4,7,10),
																(6,8,5),
																(5,2,3),
																(2,9,7),
																(9,10,4),
																(8,1,10),
																(5,4,2);

INSERT INTO Weapon (Weapon_Name) VALUES ('Windseeker'),
										('Greensburg'),
										('Dirge'),
										('Lubbock'),
										('Ashbringer'),
										('Shadowmourne'),
										('Loferch'),
										('Hannibal'),
										('Rensselaer'),
										('Frostmourne'),
										('Reaper'),
										('Glory of Sindorei'),
										('Grapids'),
										('Fayettee'),
										('Girarau'),
										('Medford'),
										('Jacksonville'),
										('Duncan'),
										('Plymouth'),
										('Florence'),
										('Carsty'),
										('Fulton'),
										('Kahului'),
										('Billings'),
										('Salem'),
										('Gilette'),
										('Glenove'),
										('Jenks'),
										('Balre'),
										('Asbur'),
										('Foreake'),
										('Hattiesburg'),
										('Falls Church'),
										('Vallewesw'),
										('Woburn'),
										('Yazooity'),
										('Biddeford'),
										('Iowaty'),
										('Destro Gabriel'),
										('San Juan Capistrano');	

INSERT INTO Weapon_Class (Id_Class,Id_Weapon) VALUES (1,10),
													(9,10),
													(8,9),
													(4,8),
													(4,6),
													(1,6),
													(3,3),
													(3,8),
													(1,9),
													(1,1),
													(9,24),
													(3,38),
													(1,27),
													(1,23),
													(9,25),
													(3,6),
													(9,28),
													(2,24),
													(6,23),
													(2,29),
													(1,30),
													(3,25),
													(2,7),
													(2,40),
													(9,2),
													(4,29),
													(7,26),
													(7,27),
													(4,30),
													(3,7);	

																																				
INSERT INTO Sword_Kind (Kind) VALUES ('One Hand'),
									('Two Hand'),
									('Main Hand'),
									('Off Hand');	


INSERT INTO Staff (Id_Weapon,Damage,Intellect,Spirit,Spell_Power) VALUES (1,1621,16,8,12),
																(2,600,52,12,15),
																(3,422,138,50,53),
																(4,2403,24,4,55),
																(5,1839,124,40,36),
																(6,1553,34,22,66),
																(7,834,125,41,12),
																(8,566,26,43,69),
																(9,882,1,40,45),
																(10,1114,4,30,47);																																												
																

INSERT INTO Sword (Id_Weapon,Id_SK,Damage,Strange,Attack_Power,Haste_Rating) VALUES (11,1,522,52,37,79),
																		(12,2,3745,86,27,86),
																		(13,3,2617,66,49,55),
																		(14,4,2378,173,72,90),
																		(15,1,3562,65,50,93),
																		(16,2,1828,164,73,70),
																		(17,3,2254,189,86,89),
																		(18,4,2891,194,72,88),
																		(19,3,226,180,62,98),
																		(20,4,720,137,81,87);

INSERT INTO Shield (Id_Weapon,Stamina,Strange,Defense_Rating,Parry_Rating) VALUES (21,348,167,86,33),
																		(22,178,57,42,83),
																		(23,481,43,38,86),
																		(24,159,93,27,80),
																		(25,214,190,55,94),
																		(26,267,109,32,53),
																		(27,116,52,45,37),
																		(28,349,114,25,47),
																		(29,201,184,43,61),
																		(30,101,130,36,97);

INSERT INTO Bow (Id_Weapon,Damage,Agility,Attack_Power,Haste_Rating) VALUES (31,1925,97,86,85),
																	(32,2343,89,87,90),
																	(33,3457,54,76,84),
																	(34,2556,172,21,74),
																	(35,838,171,23,93),
																	(36,2317,92,76,69),
																	(37,1338,189,43,81),
																	(38,2160,146,46,100),
																	(39,178,63,82,72),
																	(40,1868,138,55,52);

INSERT INTO Player (Name,Last_Name,Account_Name,Password,Id_Nation,Birth_Date,Mail,Register_Date,Last_online) VALUES ('Kelly','Boyd','sollicitudin','erat eget',10,'12/12/95','cubilia@ullamcorper.com','12/06/08','05/02/17'),
																													('Fatima','Mccarty','elit','enim diam',7,'16/02/98','ultricies.dignissim.lacus@lectus.ca','03/05/10','13/06/11'),
																													('Stella','Hollandnec','est','mollis',7,'02/01/93','dui.Fusce.aliquam@eunulla.com','25/01/16', '03/04/17'),
																													('Noah','Parrish','Quisque','dapibus quam',9,'20/12/64','habitant.morbi@consequatpurus.com','15/02/14','01/07/15'),
																													('Hedy','Walters','Aliquamin', 'cursus',6,'23/11/62','lorem@Aenean.ca','04/01/17', '23/05/17'),
																													('Brittany','Hays','interdumnec', 'imperdiet',9,'09/12/10','taciti@semmagnanec.edu','06/08/08', '28/12/16'),
																													('Cullen','Rivera','pretium','weewvet',10,'10/01/02','Aliquam.erat.volutpat@quisturpis.edu','17/11/10','12/12/14'),
																													('Fuller','Banks','Etiam','tincidunt orci',10,'18/10/86','ultricies@semmolestie.ca','29/09/07', '30/03/17'),
																													('Frances','Baldwin','eget','est arcu',5,'13/09/73','et@luctus.org','07/03/08','15/07/16'),
																													('Ramona','Roberson','ultrices','eu augue',3,'11/11/73','amet.faucibus@dolor.org','07/01/11','19/10/15');

INSERT INTO Character_Build (Id_CSR,Id_Player,Char_Name) VALUES (9,10,'Cruz'),
																(10,8,'Cedric'),
																(2,7,'Marsden'),
																(8,5,'Aquila'),
																(1,5,'Idola'),
																(6,10,'Chastity'),
																(5,3,'Uriah'),
																(7,10,'Gemma'),
																(4,5,'Justin'),
																(3,10,'Charity');

INSERT INTO Player_Team (Id_Team,Id_Player) VALUES (9,8),
														(2,2),
														(8,2),
														(9,7),
														(6,10),
														(1,1),
														(4,9),
														(2,1),
														(6,6),
														(9,2);

INSERT INTO Map (Map_Name,Number_of_players) VALUES ('Eye of Storm',30),
													('Wintergrasp',10),
													('Nagrand Arena',2),
													('Isle od Conquest',10),
													('Arathi Basin',30),
													('Dalaran Arena',2),
													('Warsong Gulch',10),
													('Altretic Valley',30),
													('Zul Gurb Arena',2),
													('Strand of the Ancients',10);

INSERT INTO Game (Id_GM,Id_Map,Id_Event) VALUES (2,6,10),
												(3,1,6),
												(6,9,10),
												(8,10,10),
												(3,3,4),
												(1,4,1),
												(5,7,9),
												(1,8,5),
												(6,5,8),
												(7,5,1);

INSERT INTO Game_Team (Id_PT,Id_Game) VALUES (10,9),
										(7,3),
										(8,5),
										(6,9),
										(6,1),
										(9,7),
										(9,4),
										(2,8),
										(5,8),
										(5,9);
