INSERT INTO Nationality (Id_Nation,Nationality) VALUES (1,'Austria');
INSERT INTO Nationality (Id_Nation,Nationality) VALUES (2,'Czech Republic');
INSERT INTO Nationality (Id_Nation,Nationality) VALUES (3,'Poland');
INSERT INTO Nationality (Id_Nation,Nationality) VALUES (4,'Italy');
INSERT INTO Nationality (Id_Nation,Nationality) VALUES (5,'Germany');
INSERT INTO Nationality (Id_Nation,Nationality) VALUES (6,'Netherlands');
INSERT INTO Nationality (Id_Nation,Nationality) VALUES (7,'Spain');
INSERT INTO Nationality (Id_Nation,Nationality) VALUES (8,'Luxembourg');
INSERT INTO Nationality (Id_Nation,Nationality) VALUES (9,'Hungary');
INSERT INTO Nationality (Id_Nation,Nationality) VALUES (10,'Sweden');

INSERT INTO Race (Id_Race,R_Name) VALUES (1,'Night Elf');
INSERT INTO Race (Id_Race,R_Name) VALUES (2,'Orc');
INSERT INTO Race (Id_Race,R_Name) VALUES (3,'Dwarf');
INSERT INTO Race (Id_Race,R_Name) VALUES (4,'Human');
INSERT INTO Race (Id_Race,R_Name) VALUES (5,'Troll');
INSERT INTO Race (Id_Race,R_Name) VALUES (6,'Undead');
INSERT INTO Race (Id_Race,R_Name) VALUES (7,'Draenei');
INSERT INTO Race (Id_Race,R_Name) VALUES (8,'Worgen');
INSERT INTO Race (Id_Race,R_Name) VALUES (9,'Blood Elf');
INSERT INTO Race (Id_Race,R_Name) VALUES (10,'Goblin');

INSERT INTO Team (Id_Team,Team_Name) VALUES (1,'rutrum non,');
INSERT INTO Team (Id_Team,Team_Name) VALUES (2,'elit, pellentesque');
INSERT INTO Team (Id_Team,Team_Name) VALUES (3,'interdum libero');
INSERT INTO Team (Id_Team,Team_Name) VALUES (4,'enim. Curabitur');
INSERT INTO Team (Id_Team,Team_Name) VALUES (5,'lorem, eget');
INSERT INTO Team (Id_Team,Team_Name) VALUES (6,'vel turpis.');
INSERT INTO Team (Id_Team,Team_Name) VALUES (7,'interdum. Sed');
INSERT INTO Team (Id_Team,Team_Name) VALUES (8,'est. Mauris');
INSERT INTO Team (Id_Team,Team_Name) VALUES (9,'bibendum. Donec');
INSERT INTO Team (Id_Team,Team_Name) VALUES (10,'elit fermentum');

INSERT INTO Spell_Kind ( Id_SK,Full_Name,Short_Name) VALUES (1,'Healing Over Time','HOT');
INSERT INTO Spell_Kind ( Id_SK,Full_Name,Short_Name) VALUES (2,'Damage Over Time','DOT');
INSERT INTO Spell_Kind ( Id_SK,Full_Name,Short_Name) VALUES (3,'Debuff Damage','DD');
INSERT INTO Spell_Kind ( Id_SK,Full_Name,Short_Name) VALUES (4,'Debuff Stats','DS');
INSERT INTO Spell_Kind ( Id_SK,Full_Name,Short_Name) VALUES (5,'Buff Damage','BD');
INSERT INTO Spell_Kind ( Id_SK,Full_Name,Short_Name) VALUES (6,'Buff Stats','BS');
INSERT INTO Spell_Kind ( Id_SK,Full_Name,Short_Name) VALUES (7,'Area of Effect','EoF');
INSERT INTO Spell_Kind ( Id_SK,Full_Name,Short_Name) VALUES (8,'Single Target Damage','STD');
INSERT INTO Spell_Kind ( Id_SK,Full_Name,Short_Name) VALUES (9,'Cast Spell','CS');
INSERT INTO Spell_Kind ( Id_SK,Full_Name,Short_Name) VALUES (10,'Instant Spell','IS');

INSERT INTO SM_SK ( Id_SM_SK,Id_SK1,Id_SK2,Id_SK3) VALUES (1,7,1,10);
INSERT INTO SM_SK ( Id_SM_SK,Id_SK1,Id_SK2,Id_SK3) VALUES (2,1,2,9);
INSERT INTO SM_SK ( Id_SM_SK,Id_SK1,Id_SK2,Id_SK3) VALUES (3,3,3,8);
INSERT INTO SM_SK ( Id_SM_SK,Id_SK1,Id_SK2,Id_SK3) VALUES (4,6,4,7);
INSERT INTO SM_SK ( Id_SM_SK,Id_SK1,Id_SK2,Id_SK3) VALUES (5,2,5,6);
INSERT INTO SM_SK ( Id_SM_SK,Id_SK1,Id_SK2,Id_SK3) VALUES (6,1,6,5);
INSERT INTO SM_SK ( Id_SM_SK,Id_SK1,Id_SK2,Id_SK3) VALUES (7,2,7,4);
INSERT INTO SM_SK ( Id_SM_SK,Id_SK1,Id_SK2,Id_SK3) VALUES (8,9,8,3);
INSERT INTO SM_SK ( Id_SM_SK,Id_SK1,Id_SK2,Id_SK3) VALUES (9,10,9,2);
INSERT INTO SM_SK ( Id_SM_SK,Id_SK1,Id_SK2,Id_SK3) VALUES (10,3,10,1);

INSERT INTO Class ( Id_Class,Class_Name) VALUES (1,'Death Knight');
INSERT INTO Class ( Id_Class,Class_Name) VALUES (2,'Warrior');
INSERT INTO Class ( Id_Class,Class_Name) VALUES (3,'Priest');
INSERT INTO Class ( Id_Class,Class_Name) VALUES (4,'Mage');
INSERT INTO Class ( Id_Class,Class_Name) VALUES (5,'Rogue');
INSERT INTO Class ( Id_Class,Class_Name) VALUES (6,'Warlock');
INSERT INTO Class ( Id_Class,Class_Name) VALUES (7,'Paladin');
INSERT INTO Class ( Id_Class,Class_Name) VALUES (8,'Shaman');
INSERT INTO Class ( Id_Class,Class_Name) VALUES (9,'Demon Hunter');
INSERT INTO Class ( Id_Class,Class_Name) VALUES (10,'Hunter');

INSERT INTO Event_Type (Id_ET,ET_Name,Description) VALUES (1,'Fort Dodge','ipsum. Suspendisse Nullam vitae');
INSERT INTO Event_Type (Id_ET,ET_Name,Description) VALUES (2,'Death Match','pretium aliquet convallis erat');
INSERT INTO Event_Type (Id_ET,ET_Name,Description) VALUES (3,'Ranked Match','mauris. Suspendisse');
INSERT INTO Event_Type (Id_ET,ET_Name,Description) VALUES (4,'Versus SI','ullamcorper magn Nam consequat');
INSERT INTO Event_Type (Id_ET,ET_Name,Description) VALUES (5,'Own Match','quam a felis ullamcorper viverra.');
INSERT INTO Event_Type (Id_ET,ET_Name,Description) VALUES (6,'Defeat Boss','ipsum primis in faucibus orci');
INSERT INTO Event_Type (Id_ET,ET_Name,Description) VALUES (7,'Defense of the Fort','ligula eu enim. Etiam imperdiet dictum');
INSERT INTO Event_Type (Id_ET,ET_Name,Description) VALUES (8,'Take over the Fort','Sed neque. Sed egetec urna');
INSERT INTO Event_Type (Id_ET,ET_Name,Description) VALUES (9,'Escort','luctus et ultrices posuere cubilia');
INSERT INTO Event_Type (Id_ET,ET_Name,Description) VALUES (10,'1v1','imperdiet dictum magna. incidunt orci');

INSERT INTO Event (Id_Event,Id_ET,Event_Name, Stop_Date,Start_Date) VALUES (1,10,'Darkmoon Faire','27/12/17','03/08/17');
INSERT INTO Event (Id_Event,Id_ET,Event_Name, Stop_Date,Start_Date) VALUES (2,9,'Pirates Day','17/06/17','07/06/17');
INSERT INTO Event (Id_Event,Id_ET,Event_Name, Stop_Date,Start_Date) VALUES (3,5,'Love is in the Air','20/02/17','13/02/17');
INSERT INTO Event (Id_Event,Id_ET,Event_Name, Stop_Date,Start_Date) VALUES (4,2,'Noblegarden','25/04/17','10/03/17');
INSERT INTO Event (Id_Event,Id_ET,Event_Name, Stop_Date,Start_Date) VALUES (5,7,'Hallows End','2/11/17','29/09/17');
INSERT INTO Event (Id_Event,Id_ET,Event_Name, Stop_Date,Start_Date) VALUES (6,8,'Brewfest','06/10/17','20/09/17');
INSERT INTO Event (Id_Event,Id_ET,Event_Name, Stop_Date,Start_Date) VALUES (7,3,'Call to Arms','22/11/17','29/07/17');
INSERT INTO Event (Id_Event,Id_ET,Event_Name, Stop_Date,Start_Date) VALUES (8,4,'Midsummer Fire Festival','10/09/17','01/06/17');
INSERT INTO Event (Id_Event,Id_ET,Event_Name, Stop_Date,Start_Date) VALUES (9,6,'Day of the Dead','03/11/17','01/11/17');
INSERT INTO Event (Id_Event,Id_ET,Event_Name, Stop_Date,Start_Date) VALUES (10,1,'Pilgrims Bounty','27/11/17','21/11/17');


INSERT INTO Game_Mode (Id_GM,GM_Name,Description) VALUES (1,'Bonus Boost','Cras pellentesque. Sed');
INSERT INTO Game_Mode (Id_GM,GM_Name,Description) VALUES (2,'Normal Death Match','Nunc ullamcorper, velit');
INSERT INTO Game_Mode (Id_GM,GM_Name,Description) VALUES (3,'Low Level','ac metus vitae velit');
INSERT INTO Game_Mode (Id_GM,GM_Name,Description) VALUES (4,'Ranked','Cras sed');
INSERT INTO Game_Mode (Id_GM,GM_Name,Description) VALUES (5,'Primal Mode','Cras eget');
INSERT INTO Game_Mode (Id_GM,GM_Name,Description) VALUES (6,'3 Teams vs. 3 Teams','fermentum vel, mauris.');
INSERT INTO Game_Mode (Id_GM,GM_Name,Description) VALUES (7,'Battleground','In lorem. Donec');
INSERT INTO Game_Mode (Id_GM,GM_Name,Description) VALUES (8,'Arena','Duis mi');
INSERT INTO Game_Mode (Id_GM,GM_Name,Description) VALUES (9,'Tutorial','nulla. In tincidunt congue');
INSERT INTO Game_Mode (Id_GM,GM_Name,Description) VALUES (10,'Air Mode','ligula. Aenean gravida nunc');

INSERT INTO Specialization (Id_Spec,Spec_Name) VALUES (1,'Tank');
INSERT INTO Specialization (Id_Spec,Spec_Name) VALUES (2,'DPS');
INSERT INTO Specialization (Id_Spec,Spec_Name) VALUES (3,'Healer');

INSERT INTO Spec_SM (Id_SpecSM,Id_SM_SK,Id_Spec) VALUES (1,8,1);
INSERT INTO Spec_SM (Id_SpecSM,Id_SM_SK,Id_Spec) VALUES (2,3,1);
INSERT INTO Spec_SM (Id_SpecSM,Id_SM_SK,Id_Spec) VALUES (3,2,2);
INSERT INTO Spec_SM (Id_SpecSM,Id_SM_SK,Id_Spec) VALUES (4,5,3);
INSERT INTO Spec_SM (Id_SpecSM,Id_SM_SK,Id_Spec) VALUES (5,10,2);
INSERT INTO Spec_SM (Id_SpecSM,Id_SM_SK,Id_Spec) VALUES (6,8,2);
INSERT INTO Spec_SM (Id_SpecSM,Id_SM_SK,Id_Spec) VALUES (7,9,1);
INSERT INTO Spec_SM (Id_SpecSM,Id_SM_SK,Id_Spec) VALUES (8,7,2);
INSERT INTO Spec_SM (Id_SpecSM,Id_SM_SK,Id_Spec) VALUES (9,1,3);
INSERT INTO Spec_SM (Id_SpecSM,Id_SM_SK,Id_Spec) VALUES (10,4,3);

INSERT INTO Class_Spec_Rac (Id_CSR,Id_Class,Id_SpecSM,Id_Race) VALUES ('1','8','6','4');
INSERT INTO Class_Spec_Rac (Id_CSR,Id_Class,Id_SpecSM,Id_Race) VALUES ('2','7','6','10');
INSERT INTO Class_Spec_Rac (Id_CSR,Id_Class,Id_SpecSM,Id_Race) VALUES ('3','1','3','1');
INSERT INTO Class_Spec_Rac (Id_CSR,Id_Class,Id_SpecSM,Id_Race) VALUES ('4','4','8','10');
INSERT INTO Class_Spec_Rac (Id_CSR,Id_Class,Id_SpecSM,Id_Race) VALUES ('5','6','8','5');
INSERT INTO Class_Spec_Rac (Id_CSR,Id_Class,Id_SpecSM,Id_Race) VALUES ('6','5','2','3');
INSERT INTO Class_Spec_Rac (Id_CSR,Id_Class,Id_SpecSM,Id_Race) VALUES ('7','2','9','7');
INSERT INTO Class_Spec_Rac (Id_CSR,Id_Class,Id_SpecSM,Id_Race) VALUES ('8','9','10','4');
INSERT INTO Class_Spec_Rac (Id_CSR,Id_Class,Id_SpecSM,Id_Race) VALUES ('9','8','1','10');
INSERT INTO Class_Spec_Rac (Id_CSR,Id_Class,Id_SpecSM,Id_Race) VALUES ('10','5','4','2');

INSERT INTO Weapon (Id_Weapon,Weapon_Name) VALUES ('1','Windseeker');
INSERT INTO Weapon (Id_Weapon,Weapon_Name) VALUES ('2','Greensburg');
INSERT INTO Weapon (Id_Weapon,Weapon_Name) VALUES ('3','Dirge');
INSERT INTO Weapon (Id_Weapon,Weapon_Name) VALUES ('4','Lubbock');
INSERT INTO Weapon (Id_Weapon,Weapon_Name) VALUES ('5','Ashbringer');
INSERT INTO Weapon (Id_Weapon,Weapon_Name) VALUES ('6','Shadowmourne');
INSERT INTO Weapon (Id_Weapon,Weapon_Name) VALUES ('7','Loferch');
INSERT INTO Weapon (Id_Weapon,Weapon_Name) VALUES ('8','Hannibal');
INSERT INTO Weapon (Id_Weapon,Weapon_Name) VALUES ('9','Rensselaer');
INSERT INTO Weapon (Id_Weapon,Weapon_Name) VALUES ('10','Frostmourne');
INSERT INTO Weapon (Id_Weapon,Weapon_Name) VALUES ('11','Reaper');
INSERT INTO Weapon (Id_Weapon,Weapon_Name) VALUES ('12','Glory of Sindorei');
INSERT INTO Weapon (Id_Weapon,Weapon_Name) VALUES ('13','Grapids');
INSERT INTO Weapon (Id_Weapon,Weapon_Name) VALUES ('14','Fayettee');
INSERT INTO Weapon (Id_Weapon,Weapon_Name) VALUES ('15','Girarau');
INSERT INTO Weapon (Id_Weapon,Weapon_Name) VALUES ('16','Medford');
INSERT INTO Weapon (Id_Weapon,Weapon_Name) VALUES ('17','Jacksonville');
INSERT INTO Weapon (Id_Weapon,Weapon_Name) VALUES ('18','Duncan');
INSERT INTO Weapon (Id_Weapon,Weapon_Name) VALUES ('19','Plymouth');
INSERT INTO Weapon (Id_Weapon,Weapon_Name) VALUES ('20','Florence');
INSERT INTO Weapon (Id_Weapon,Weapon_Name) VALUES ('21','Carsty');
INSERT INTO Weapon (Id_Weapon,Weapon_Name) VALUES ('22','Fulton');
INSERT INTO Weapon (Id_Weapon,Weapon_Name) VALUES ('23','Kahului');
INSERT INTO Weapon (Id_Weapon,Weapon_Name) VALUES ('24','Billings');
INSERT INTO Weapon (Id_Weapon,Weapon_Name) VALUES ('25','Salem');
INSERT INTO Weapon (Id_Weapon,Weapon_Name) VALUES ('26','Gilette');
INSERT INTO Weapon (Id_Weapon,Weapon_Name) VALUES ('27','Glenove');
INSERT INTO Weapon (Id_Weapon,Weapon_Name) VALUES ('28','Jenks');
INSERT INTO Weapon (Id_Weapon,Weapon_Name) VALUES ('29','Balre');
INSERT INTO Weapon (Id_Weapon,Weapon_Name) VALUES ('30','Asbur');
INSERT INTO Weapon (Id_Weapon,Weapon_Name) VALUES ('31','Foreake');
INSERT INTO Weapon (Id_Weapon,Weapon_Name) VALUES ('32','Hattiesburg');
INSERT INTO Weapon (Id_Weapon,Weapon_Name) VALUES ('33','Falls Church');
INSERT INTO Weapon (Id_Weapon,Weapon_Name) VALUES ('34','Vallewesw');
INSERT INTO Weapon (Id_Weapon,Weapon_Name) VALUES ('35','Woburn');
INSERT INTO Weapon (Id_Weapon,Weapon_Name) VALUES ('36','Yazooity');
INSERT INTO Weapon (Id_Weapon,Weapon_Name) VALUES ('37','Biddeford');
INSERT INTO Weapon (Id_Weapon,Weapon_Name) VALUES ('38','Iowaty');
INSERT INTO Weapon (Id_Weapon,Weapon_Name) VALUES ('39','Destro Gabriel');
INSERT INTO Weapon (Id_Weapon,Weapon_Name) VALUES ('40','San Juan Capistrano');

INSERT INTO Weapon_Class (Id_WeaponClass,Id_Class,Id_Weapon) VALUES ('1','1','10');
INSERT INTO Weapon_Class (Id_WeaponClass,Id_Class,Id_Weapon) VALUES ('2','9','10');
INSERT INTO Weapon_Class (Id_WeaponClass,Id_Class,Id_Weapon) VALUES ('3','8','9');
INSERT INTO Weapon_Class (Id_WeaponClass,Id_Class,Id_Weapon) VALUES ('4','4','8');
INSERT INTO Weapon_Class (Id_WeaponClass,Id_Class,Id_Weapon) VALUES ('5','4','6');
INSERT INTO Weapon_Class (Id_WeaponClass,Id_Class,Id_Weapon) VALUES ('6','1','6');
INSERT INTO Weapon_Class (Id_WeaponClass,Id_Class,Id_Weapon) VALUES ('7','3','3');
INSERT INTO Weapon_Class (Id_WeaponClass,Id_Class,Id_Weapon) VALUES ('8','3','8');
INSERT INTO Weapon_Class (Id_WeaponClass,Id_Class,Id_Weapon) VALUES ('9','1','9');
INSERT INTO Weapon_Class (Id_WeaponClass,Id_Class,Id_Weapon) VALUES ('10','1','1');
INSERT INTO Weapon_Class (Id_WeaponClass,Id_Class,Id_Weapon) VALUES ('11','9','24');
INSERT INTO Weapon_Class (Id_WeaponClass,Id_Class,Id_Weapon) VALUES ('12','3','38');
INSERT INTO Weapon_Class (Id_WeaponClass,Id_Class,Id_Weapon) VALUES ('13','1','27');
INSERT INTO Weapon_Class (Id_WeaponClass,Id_Class,Id_Weapon) VALUES ('14','1','23');
INSERT INTO Weapon_Class (Id_WeaponClass,Id_Class,Id_Weapon) VALUES ('15','9','25');
INSERT INTO Weapon_Class (Id_WeaponClass,Id_Class,Id_Weapon) VALUES ('16','3','6');
INSERT INTO Weapon_Class (Id_WeaponClass,Id_Class,Id_Weapon) VALUES ('17','9','28');
INSERT INTO Weapon_Class (Id_WeaponClass,Id_Class,Id_Weapon) VALUES ('18','2','24');
INSERT INTO Weapon_Class (Id_WeaponClass,Id_Class,Id_Weapon) VALUES ('19','6','23');
INSERT INTO Weapon_Class (Id_WeaponClass,Id_Class,Id_Weapon) VALUES ('20','2','29');
INSERT INTO Weapon_Class (Id_WeaponClass,Id_Class,Id_Weapon) VALUES ('21','1','30');
INSERT INTO Weapon_Class (Id_WeaponClass,Id_Class,Id_Weapon) VALUES ('22','3','25');
INSERT INTO Weapon_Class (Id_WeaponClass,Id_Class,Id_Weapon) VALUES ('23','2','7');
INSERT INTO Weapon_Class (Id_WeaponClass,Id_Class,Id_Weapon) VALUES ('24','2','40');
INSERT INTO Weapon_Class (Id_WeaponClass,Id_Class,Id_Weapon) VALUES ('25','9','2');
INSERT INTO Weapon_Class (Id_WeaponClass,Id_Class,Id_Weapon) VALUES ('26','4','29');
INSERT INTO Weapon_Class (Id_WeaponClass,Id_Class,Id_Weapon) VALUES ('27','7','26');
INSERT INTO Weapon_Class (Id_WeaponClass,Id_Class,Id_Weapon) VALUES ('28','7','27');
INSERT INTO Weapon_Class (Id_WeaponClass,Id_Class,Id_Weapon) VALUES ('29','4','30');
INSERT INTO Weapon_Class (Id_WeaponClass,Id_Class,Id_Weapon) VALUES ('30','3','7');

INSERT INTO Sword_Kind (Id_SK,Kind) VALUES ('1','One Hand');
INSERT INTO Sword_Kind (Id_SK,Kind) VALUES ('2','Two Hand');
INSERT INTO Sword_Kind (Id_SK,Kind) VALUES ('3','Main Hand');
INSERT INTO Sword_Kind (Id_SK,Kind) VALUES ('4','Off Hand');

INSERT INTO Staff (Id_Weapon,Damage,Intellect,Spirit,Spell_Power) VALUES ('1','1621','16','8','12');
INSERT INTO Staff (Id_Weapon,Damage,Intellect,Spirit,Spell_Power) VALUES ('2','600','52','12','15');
INSERT INTO Staff (Id_Weapon,Damage,Intellect,Spirit,Spell_Power) VALUES ('3','422','138','50','53');
INSERT INTO Staff (Id_Weapon,Damage,Intellect,Spirit,Spell_Power) VALUES ('4','2403','24','4','55');
INSERT INTO Staff (Id_Weapon,Damage,Intellect,Spirit,Spell_Power) VALUES ('5','1839','124','40','36');
INSERT INTO Staff (Id_Weapon,Damage,Intellect,Spirit,Spell_Power) VALUES ('6','1553','34','22','66');
INSERT INTO Staff (Id_Weapon,Damage,Intellect,Spirit,Spell_Power) VALUES ('7','834','125','41','12');
INSERT INTO Staff (Id_Weapon,Damage,Intellect,Spirit,Spell_Power) VALUES ('8','566','26','43','69');
INSERT INTO Staff (Id_Weapon,Damage,Intellect,Spirit,Spell_Power) VALUES ('9','882','1','40','45');
INSERT INTO Staff (Id_Weapon,Damage,Intellect,Spirit,Spell_Power) VALUES ('10','1114','4','30','47');

INSERT INTO Sword (Id_Weapon,Id_SK,Damage,Strange,Attack_Power,Haste_Rating) VALUES ('11','1','522','52','37','79');
INSERT INTO Sword (Id_Weapon,Id_SK,Damage,Strange,Attack_Power,Haste_Rating) VALUES ('12','2','3745','86','27','86');
INSERT INTO Sword (Id_Weapon,Id_SK,Damage,Strange,Attack_Power,Haste_Rating) VALUES ('13','3','2617','66','49','55');
INSERT INTO Sword (Id_Weapon,Id_SK,Damage,Strange,Attack_Power,Haste_Rating) VALUES ('14','4','2378','173','72','90');
INSERT INTO Sword (Id_Weapon,Id_SK,Damage,Strange,Attack_Power,Haste_Rating) VALUES ('15','1','3562','65','50','93');
INSERT INTO Sword (Id_Weapon,Id_SK,Damage,Strange,Attack_Power,Haste_Rating) VALUES ('16','2','1828','164','73','70');
INSERT INTO Sword (Id_Weapon,Id_SK,Damage,Strange,Attack_Power,Haste_Rating) VALUES ('17','3','2254','189','86','89');
INSERT INTO Sword (Id_Weapon,Id_SK,Damage,Strange,Attack_Power,Haste_Rating) VALUES ('18','4','2891','194','72','88');
INSERT INTO Sword (Id_Weapon,Id_SK,Damage,Strange,Attack_Power,Haste_Rating) VALUES ('19','3','226','180','62','98');
INSERT INTO Sword (Id_Weapon,Id_SK,Damage,Strange,Attack_Power,Haste_Rating) VALUES ('20','4','720','137','81','87');

INSERT INTO Shield (Id_Weapon,Stamina,Strange,Defense_Rating,Parry_Rating) VALUES ('21','348','167','86','33');
INSERT INTO Shield (Id_Weapon,Stamina,Strange,Defense_Rating,Parry_Rating) VALUES ('22','178','57','42','83');
INSERT INTO Shield (Id_Weapon,Stamina,Strange,Defense_Rating,Parry_Rating) VALUES ('23','481','43','38','86');
INSERT INTO Shield (Id_Weapon,Stamina,Strange,Defense_Rating,Parry_Rating) VALUES ('24','159','93','27','80');
INSERT INTO Shield (Id_Weapon,Stamina,Strange,Defense_Rating,Parry_Rating) VALUES ('25','214','190','55','94');
INSERT INTO Shield (Id_Weapon,Stamina,Strange,Defense_Rating,Parry_Rating) VALUES ('26','267','109','32','53');
INSERT INTO Shield (Id_Weapon,Stamina,Strange,Defense_Rating,Parry_Rating) VALUES ('27','116','52','45','37');
INSERT INTO Shield (Id_Weapon,Stamina,Strange,Defense_Rating,Parry_Rating) VALUES ('28','349','114','25','47');
INSERT INTO Shield (Id_Weapon,Stamina,Strange,Defense_Rating,Parry_Rating) VALUES ('29','201','184','43','61');
INSERT INTO Shield (Id_Weapon,Stamina,Strange,Defense_Rating,Parry_Rating) VALUES ('30','101','130','36','97');

INSERT INTO Bow (Id_Weapon,Damage,Agility,Attack_Power,Haste_Rating) VALUES ('31','1925','97','86','85');
INSERT INTO Bow (Id_Weapon,Damage,Agility,Attack_Power,Haste_Rating) VALUES ('32','2343','89','87','90');
INSERT INTO Bow (Id_Weapon,Damage,Agility,Attack_Power,Haste_Rating) VALUES ('33','3457','54','76','84');
INSERT INTO Bow (Id_Weapon,Damage,Agility,Attack_Power,Haste_Rating) VALUES ('34','2556','172','21','74');
INSERT INTO Bow (Id_Weapon,Damage,Agility,Attack_Power,Haste_Rating) VALUES ('35','838','171','23','93');
INSERT INTO Bow (Id_Weapon,Damage,Agility,Attack_Power,Haste_Rating) VALUES ('36','2317','92','76','69');
INSERT INTO Bow (Id_Weapon,Damage,Agility,Attack_Power,Haste_Rating) VALUES ('37','1338','189','43','81');
INSERT INTO Bow (Id_Weapon,Damage,Agility,Attack_Power,Haste_Rating) VALUES ('38','2160','146','46','100');
INSERT INTO Bow (Id_Weapon,Damage,Agility,Attack_Power,Haste_Rating) VALUES ('39','178','63','82','72');
INSERT INTO Bow (Id_Weapon,Damage,Agility,Attack_Power,Haste_Rating) VALUES ('40','1868','138','55','52');

INSERT INTO Player (Id_Player,Name,Last_Name,Account_Name,Password,Id_Nation,Birth_Date,Mail,Register_Date,Last_online) VALUES ('1','Kelly','Boyd','sollicitudin','erat eget','10','12/12/95','cubilia@ullamcorper.com', '12/06/08','05/02/17');
INSERT INTO Player (Id_Player,Name,Last_Name,Account_Name,Password,Id_Nation,Birth_Date,Mail,Register_Date,Last_online) VALUES ('2','Fatima','Mccarty','elit,','enim diam','7','16/02/98','ultricies.dignissim.lacus@lectus.ca','03/05/10','13/06/11');
INSERT INTO Player (Id_Player,Name,Last_Name,Account_Name,Password,Id_Nation,Birth_Date,Mail,Register_Date,Last_online) VALUES ('3','Stella','Holland','nec','est, mollis','7','02/01/93','dui.Fusce.aliquam@eunulla.com','25/01/16', '03/04/17');
INSERT INTO Player (Id_Player,Name,Last_Name,Account_Name,Password,Id_Nation,Birth_Date,Mail,Register_Date,Last_online) VALUES ('4','Noah','Parrish','Quisque','dapibus quam','9','20/12/64','habitant.morbi@consequatpurus.com','15/02/14','01/07/15');
INSERT INTO Player (Id_Player,Name,Last_Name,Account_Name,Password,Id_Nation,Birth_Date,Mail,Register_Date,Last_online) VALUES ('5','Hedy','Walters','Aliquam','in, cursus','6','23/11/62','lorem@Aenean.ca','04/01/17','09/12/16' );
INSERT INTO Player (Id_Player,Name,Last_Name,Account_Name,Password,Id_Nation,Birth_Date,Mail,Register_Date,Last_online) VALUES ('6','Brittany','Hays','interdum','nec, imperdiet','9','09/12/10','taciti@semmagnanec.edu','06/08/08', '28/12/16');
INSERT INTO Player (Id_Player,Name,Last_Name,Account_Name,Password,Id_Nation,Birth_Date,Mail,Register_Date,Last_online) VALUES ('7','Cullen','Rivera','ac','pretium et,','10','10/01/02','Aliquam.erat.volutpat@quisturpis.edu','17/11/10','12/12/14');
INSERT INTO Player (Id_Player,Name,Last_Name,Account_Name,Password,Id_Nation,Birth_Date,Mail,Register_Date,Last_online) VALUES ('8','Fuller','Banks','Etiam','tincidunt orci','10','18/10/86','ultricies@semmolestie.ca','29/09/07', '30/03/17');
INSERT INTO Player (Id_Player,Name,Last_Name,Account_Name,Password,Id_Nation,Birth_Date,Mail,Register_Date,Last_online) VALUES ('9','Frances','Baldwin','eget','est arcu','5','13/09/73','et@luctus.org','07/03/08','15/07/16');
INSERT INTO Player (Id_Player,Name,Last_Name,Account_Name,Password,Id_Nation,Birth_Date,Mail,Register_Date,Last_online) VALUES ('10','Ramona','Roberson','ultrices','eu augue','3','11/11/73','amet.faucibus@dolor.org','07/01/11','19/10/15');

INSERT INTO Character_Build (Id_Character,Id_CSR,Id_Player,Char_Name) VALUES ('1','8','10','Cruz');
INSERT INTO Character_Build (Id_Character,Id_CSR,Id_Player,Char_Name) VALUES ('2','3','8','Cedric');
INSERT INTO Character_Build (Id_Character,Id_CSR,Id_Player,Char_Name) VALUES ('3','2','7','Marsden');
INSERT INTO Character_Build (Id_Character,Id_CSR,Id_Player,Char_Name) VALUES ('4','9','1','Aquila');
INSERT INTO Character_Build (Id_Character,Id_CSR,Id_Player,Char_Name) VALUES ('5','10','2','Idola');
INSERT INTO Character_Build (Id_Character,Id_CSR,Id_Player,Char_Name) VALUES ('6','6','10','Chastity');
INSERT INTO Character_Build (Id_Character,Id_CSR,Id_Player,Char_Name) VALUES ('7','5','3','Uriah');
INSERT INTO Character_Build (Id_Character,Id_CSR,Id_Player,Char_Name) VALUES ('8','8','10','Gemma');
INSERT INTO Character_Build (Id_Character,Id_CSR,Id_Player,Char_Name) VALUES ('9','3','5','Justin');
INSERT INTO Character_Build (Id_Character,Id_CSR,Id_Player,Char_Name) VALUES ('10','3','10','Charity');

INSERT INTO Player_Team (Id_PT,Id_Team,Id_Player) VALUES ('1','9','8');
INSERT INTO Player_Team (Id_PT,Id_Team,Id_Player) VALUES ('2','2','2');
INSERT INTO Player_Team (Id_PT,Id_Team,Id_Player) VALUES ('3','8','2');
INSERT INTO Player_Team (Id_PT,Id_Team,Id_Player) VALUES ('4','9','7');
INSERT INTO Player_Team (Id_PT,Id_Team,Id_Player) VALUES ('5','6','10');
INSERT INTO Player_Team (Id_PT,Id_Team,Id_Player) VALUES ('6','1','1');
INSERT INTO Player_Team (Id_PT,Id_Team,Id_Player) VALUES ('7','4','9');
INSERT INTO Player_Team (Id_PT,Id_Team,Id_Player) VALUES ('8','2','1');
INSERT INTO Player_Team (Id_PT,Id_Team,Id_Player) VALUES ('9','6','6');
INSERT INTO Player_Team (Id_PT,Id_Team,Id_Player) VALUES ('10','9','2');

INSERT INTO Map (Id_Map, Map_Name,Number_of_players) VALUES ('1','Eye of Storm','30');
INSERT INTO Map (Id_Map, Map_Name,Number_of_players) VALUES ('2','Wintergrasp','10');
INSERT INTO Map (Id_Map, Map_Name,Number_of_players) VALUES ('3','Nagrand Arena','2');
INSERT INTO Map (Id_Map, Map_Name,Number_of_players) VALUES ('4','Isle od Conquest','10');
INSERT INTO Map (Id_Map, Map_Name,Number_of_players) VALUES ('5','Arathi Basin','30');
INSERT INTO Map (Id_Map, Map_Name,Number_of_players) VALUES ('6','Dalaran Arena','2');
INSERT INTO Map (Id_Map, Map_Name,Number_of_players) VALUES ('7','Warsong Gulch','10');
INSERT INTO Map (Id_Map, Map_Name,Number_of_players) VALUES ('8','Altretic Valley','30');
INSERT INTO Map (Id_Map, Map_Name,Number_of_players) VALUES ('9','Zul Gurb Arena','2');
INSERT INTO Map (Id_Map, Map_Name,Number_of_players) VALUES ('10','Strand of the Ancients','10');

INSERT INTO Game (Id_Game,Id_GM,Id_Map,Id_Event) VALUES ('1','2','6','10');
INSERT INTO Game (Id_Game,Id_GM,Id_Map,Id_Event) VALUES ('2','3','1','6');
INSERT INTO Game (Id_Game,Id_GM,Id_Map,Id_Event) VALUES ('3','6','9','10');
INSERT INTO Game (Id_Game,Id_GM,Id_Map,Id_Event) VALUES ('4','8','10','10');
INSERT INTO Game (Id_Game,Id_GM,Id_Map,Id_Event) VALUES ('5','3','3','4');
INSERT INTO Game (Id_Game,Id_GM,Id_Map,Id_Event) VALUES ('6','1','4','1');
INSERT INTO Game (Id_Game,Id_GM,Id_Map,Id_Event) VALUES ('7','5','7','9');
INSERT INTO Game (Id_Game,Id_GM,Id_Map,Id_Event) VALUES ('8','1','8','5');
INSERT INTO Game (Id_Game,Id_GM,Id_Map,Id_Event) VALUES ('9','6','5','8');
INSERT INTO Game (Id_Game,Id_GM,Id_Map,Id_Event) VALUES ('10','7','5','1');

INSERT INTO Game_Team (Id_GameTeam,Id_PT,Id_Game) VALUES ('1','10','9');
INSERT INTO Game_Team (Id_GameTeam,Id_PT,Id_Game) VALUES ('2','7','3');
INSERT INTO Game_Team (Id_GameTeam,Id_PT,Id_Game) VALUES ('3','8','5');
INSERT INTO Game_Team (Id_GameTeam,Id_PT,Id_Game) VALUES ('4','6','9');
INSERT INTO Game_Team (Id_GameTeam,Id_PT,Id_Game) VALUES ('5','6','1');
INSERT INTO Game_Team (Id_GameTeam,Id_PT,Id_Game) VALUES ('6','9','7');
INSERT INTO Game_Team (Id_GameTeam,Id_PT,Id_Game) VALUES ('7','9','4');
INSERT INTO Game_Team (Id_GameTeam,Id_PT,Id_Game) VALUES ('8','2','8');
INSERT INTO Game_Team (Id_GameTeam,Id_PT,Id_Game) VALUES ('9','5','8');
INSERT INTO Game_Team (Id_GameTeam,Id_PT,Id_Game) VALUES ('10','5','9');
